name,description,language
scrape_github_projects,No description,Not specified
nestjs-codebase,No description,TypeScript
Leetcode-Algorithms,No description,Not specified
infrastructure,No description,Shell
node-app,No description,JavaScript
whatInoted,No description,Shell
nestjs-microservice-with-saga-transaction,No description,TypeScript
nnguyenquangg.github.io,No description,HTML
backend-coding-challenge,Backend Coding Challenge,TypeScript
Blog-React-Nodejs-Graphql,DEMO,JavaScript
poc-azure-api-management,No description,TypeScript
GRABLINGO-frontend-test,No description,JavaScript
short-test-nodejs-mysql,No description,JavaScript
Blockchain-NodeJS,No description,Not specified
demo-reactnative,No description,TypeScript
Python,No description,Python
BaiThiAptech,No description,Java
Chatbox-ReactJS-NestJS-Redux-Saga,No description,JavaScript
login-google-facebook-oauth,No description,JavaScript
login-auth2-passport,No description,TypeScript
saga-shopingcart,No description,JavaScript
shoping-cart-saga,No description,Not specified
shopping-cart,No description,JavaScript
dicom-reactnative,No description,JavaScript
demo_nestjs,No description,Not specified
test03,No description,Not specified
TrainingAcexis,No description,HTML
Test2weekAcexis,No description,Not specified
Customvideo_Day11,No description,CSS
CheckBox_Day10,No description,CSS
AJAXtypeAhead_Day6,No description,CSS
FLEXBOX_Day5,No description,CSS
UpdateCSSwithJS_Day3,No description,CSS
CSSandJS_day2,No description,CSS
JS_Drumkit,No description,CSS
CoffeeManagementTQD,Đồ án học tập sử dụng Java FX + SQLserver,Java
